neighborhood_id,name,district,lat,lon,population
0,100. YIL,BAĞCILAR,41.065486,28.854242,44925
1,15 TEMMUZ,BAĞCILAR,41.038308,28.820513,49634
2,15 TEMMUZ,ESENLER,41.07957,28.875398,12012
3,19 MAYIS,BÜYÜKÇEKMECE,41.025084,28.586333,8483
4,19 MAYIS,KADIKÖY,40.977216,29.085136,31515
5,19 MAYIS,ŞİŞLİ,41.059077,28.991473,10703
6,50. YIL,SULTANGAZİ,41.09079,28.871505,68529
7,75. YIL,SULTANGAZİ,41.096158,28.905293,31720
8,ABDURRAHMAN NAFİZ GÜRMAN,GÜNGÖREN,41.0044,28.886972,18585
9,ABDURRAHMANGAZİ,SANCAKTEPE,40.98827,29.229384,49460
10,ABDURRAHMANGAZİ,SULTANBEYLİ,40.963694,29.259774,27559
11,ACARLAR,BEYKOZ,41.121714,29.146228,9488
12,ACIBADEM,KADIKÖY,40.998869,29.03699,28143
13,ACIBADEM,ÜSKÜDAR,41.005918,29.049143,24109
14,ADEM YAVUZ,ÜMRANİYE,41.020074,29.155944,16699
15,ADNAN KAHVECİ,BEYLİKDÜZÜ,41.006531,28.630873,111164
16,ADNAN MENDERES,ARNAVUTKÖY,41.208595,28.704852,4728
17,ADİL,SULTANBEYLİ,40.979029,29.264442,37789
18,AHMEDİYE,BÜYÜKÇEKMECE,41.087385,28.515226,1075
19,AHMEDİYE,ÜSKÜDAR,41.016486,29.018192,8180
20,AHMET YESEVİ,PENDİK,40.866909,29.303482,31296
21,AHMET YESEVİ,SULTANBEYLİ,40.973055,29.274045,29924
22,AHMETLİ,ŞİLE,41.146913,29.577504,3497
23,AKALAN,ÇATALCA,41.258189,28.418466,1166
24,AKAT,BEŞİKTAŞ,41.081222,29.026136,12089
25,AKBABA,BEYKOZ,41.150673,29.117497,2762
26,AKEVLER,ESENYURT,41.020354,28.675266999999998,12761
27,AKFIRAT,TUZLA,40.924352,29.416211,3002
28,AKINCILAR,GÜNGÖREN,41.016732,28.869738,17737
29,AKPINAR,EYÜPSULTAN,41.278963,28.809896,1155
30,AKPINAR,SANCAKTEPE,40.968421,29.229293,25286
31,AKSARAY,FATİH,41.006996,28.948733,8008
32,AKÇABURGAZ,ESENYURT,41.081265,28.628309,27530
33,AKÇAKESE,ŞİLE,41.142684,29.717774,518
34,AKÖREN,SİLİVRİ,41.198406,28.337451,1395
35,AKŞEMSEDDİN,ESENYURT,41.018018,28.698553,8093
36,AKŞEMSETTİN,EYÜPSULTAN,41.084419,28.922669,38460
37,AKŞEMSETTİN,FATİH,41.021077,28.944007,18729
38,AKŞEMSETTİN,SULTANBEYLİ,40.948705,29.298545,14346
39,ALACALI,ŞİLE,41.183284,29.456297,681
40,ALEMDAR,FATİH,41.008586,28.974162,246
41,ALEMDAĞ,ÇEKMEKÖY,41.050298,29.237002,10670
42,ALKENT 2000,BÜYÜKÇEKMECE,41.077615,28.623335,8400
43,ALTAYÇEŞME,MALTEPE,40.931352,29.129919,32318
44,ALTINTEPE,MALTEPE,40.951569,29.10117,30716
45,ALTINTEPSİ,BAYRAMPAŞA,41.038863,28.901468,29996
46,ALTINŞEHİR,ÜMRANİYE,41.012651,29.141621,28370
47,ALTUNİZADE,ÜSKÜDAR,41.024269,29.039263,12608
48,ALİ KUŞÇU,FATİH,41.020767,28.947841,9665
49,ALİBAHADIR,BEYKOZ,41.179539,29.202676,767
50,ALİBEY,SİLİVRİ,41.0720875,28.2501395,16914
51,ALİBEYKÖY,EYÜPSULTAN,41.07677,28.943979,13888
52,ALİPAŞA,SİLİVRİ,41.110831,28.220617,1085
53,AMBARLI,AVCILAR,40.973092,28.715916,32888
54,ANADOLU,ARNAVUTKÖY,41.186611,28.746992,49342
55,ANADOLU,TUZLA,40.905703,29.375717,832
56,ANADOLU HİSARI,BEYKOZ,41.083168,29.067129,2474
57,ANADOLU KAVAĞI,BEYKOZ,41.174376,29.088742,1466
58,ANADOLUFENERİ,BEYKOZ,41.216438,29.154064,741
59,ARAP CAMİ,BEYOĞLU,41.022532,28.971467,89
60,ARDIÇLI,ESENYURT,41.045404,28.677734,8322
61,ARMAĞANEVLER,ÜMRANİYE,41.020151,29.119701,39675
62,ARNAVUTKÖY,BEŞİKTAŞ,41.068328,29.043236,3371
63,ARNAVUTKÖY MERKEZ,ARNAVUTKÖY,41.183755,28.740018,23571
64,ASMALI MESCİT,BEYOĞLU,41.030303,28.974999,438
65,ATAKENT,KÜÇÜKÇEKMECE,41.048898,28.792912,107266
66,ATAKENT,ÜMRANİYE,41.016872,29.104501,20091
67,ATAKÖY 1. KISIM,BAKIRKÖY,40.975824,28.869892,1550
68,ATAKÖY 2-5-6. KISIM,BAKIRKÖY,40.979567,28.858087,14158
69,ATAKÖY 3-4-11. KISIM,BAKIRKÖY,40.98237,28.85936,7685
70,ATAKÖY 7-8-9-10. KISIM,BAKIRKÖY,40.9881,28.84681,25967
71,ATALAR,KARTAL,40.904624,29.171238,31567
72,ATATÜRK,ARNAVUTKÖY,41.188964,28.758546,11063
73,ATATÜRK,ATAŞEHİR,40.990645,29.123644,33451
74,ATATÜRK,BÜYÜKÇEKMECE,41.011304,28.602179,17157
75,ATATÜRK,ESENYURT,41.038197,28.630894,15875
76,ATATÜRK,KÜÇÜKÇEKMECE,41.052754,28.798924,41483
77,ATATÜRK,SANCAKTEPE,41.012166,29.227174,31919
78,ATATÜRK,ÜMRANİYE,41.027,29.089622,23972
79,ATİKALİ,FATİH,41.024392,28.942825,13329
80,AVCIKORU,ŞİLE,41.119353,29.414456,129
81,AYAZAĞA,SARIYER,41.116673,29.00105,34528
82,AYDINEVLER,MALTEPE,40.949374,29.123282,21185
83,AYDINLAR,ÇATALCA,41.37517,28.205271,860
84,AYDINLAR,ÇEKMEKÖY,41.017196,29.225462,20493
85,AYDINLI,TUZLA,40.870552,29.329885,77407
86,AYDINTEPE,TUZLA,40.85248,29.299033,27506
87,AYVANSARAY,FATİH,41.031814,28.937785,14799
88,AZİZ MAHMUT HÜDAYİ,ÜSKÜDAR,41.020691,29.011065,8566
89,AĞAÇDERE,ŞİLE,41.041047,29.706791,129
90,AĞAÇLI,EYÜPSULTAN,41.26579,28.875522,815
91,AĞVA MERKEZ,ŞİLE,41.137746,29.854264,2239
92,AŞAĞI DUDULLU,ÜMRANİYE,41.017669,29.163445,15527
93,AŞIK VEYSEL,ESENYURT,41.0606995,28.674715,15543
94,AŞIKVEYSEL,ATAŞEHİR,41.003071,29.092949,12389
95,BAHÇEKÖY KEMER,SARIYER,41.170908,28.991077,2258
96,BAHÇEKÖY MERKEZ,SARIYER,41.181361,28.991478,3558
97,BAHÇEKÖY YENİMAHALLE,SARIYER,41.180006,28.993967,5041
98,BAHÇELİEVLER,BAHÇELİEVLER,41.004186,28.864478,56928
99,BAHÇELİEVLER,BÜYÜKÇEKMECE,41.010261,28.499405,4600
100,BAHÇELİEVLER,PENDİK,40.885377,29.235981,12627
101,BAHÇEŞEHİR 1. KISIM,BAŞAKŞEHİR,41.062516,28.689154,37997
102,BAHÇEŞEHİR 2. KISIM,BAŞAKŞEHİR,41.062736,28.684872,63770
103,BAHŞAYİŞ,ÇATALCA,41.111675,28.541533,398
104,BAKLACI,BEYKOZ,41.06545,29.145418,3260
105,BAKLALI,ARNAVUTKÖY,41.258374,28.653687,873
106,BALABAN,ARNAVUTKÖY,41.310734,28.612217,454
107,BALAT,FATİH,41.02691,28.950121,10855
108,BALIKYOLU,ESENYURT,41.037159,28.68867,29640
109,BALLICA,PENDİK,40.990458,29.401516,591
110,BALMUMCU,BEŞİKTAŞ,41.059354,29.014838,3044
111,BALTALİMANI,SARIYER,41.096973,29.049205,4978
112,BALİBEY,ŞİLE,41.176695,29.6162555,4197
113,BARBAROS,ATAŞEHİR,40.993682,29.096736,30487
114,BARBAROS,BAĞCILAR,41.028414999999995,28.83986,19786
115,BARBAROS,ÜSKÜDAR,41.014706,29.031712,16742
116,BARBAROS HAYRETTİN PAŞA,ESENYURT,41.020439,28.643062,28385
117,BARBAROS HAYRETTİN PAŞA,GAZİOSMANPAŞA,41.074863,28.88792,47603
118,BARIŞ,BEYLİKDÜZÜ,41.004653,28.654995,55725
119,BASINKÖY,BAKIRKÖY,40.984271,28.779587,5789
120,BATI,PENDİK,40.87766,29.230729,13891
121,BATTALGAZİ,ESENYURT,41.039966,28.657352,17733
122,BATTALGAZİ,SULTANBEYLİ,40.98175,29.268609,41182
123,BAĞLAR,BAĞCILAR,41.026091,28.828414,17077
124,BAĞLARBAŞI,GAZİOSMANPAŞA,41.06515,28.915595,29058
125,BAĞLARBAŞI,MALTEPE,40.925895,29.134249,41204
126,BAĞLARÇEŞME,ESENYURT,41.034002,28.675709,32537
127,BAŞAK,BAŞAKŞEHİR,41.101329,28.80481,71065
128,BAŞAK,ÇATALCA,41.331991,28.445735,414
129,BAŞAKŞEHİR,BAŞAKŞEHİR,41.106496,28.791808,72735
130,BAŞIBÜYÜK,MALTEPE,40.958821,29.148392,25659
131,BEBEK,BEŞİKTAŞ,41.081171999999995,29.0444775,4935
132,BEDRETTİN,BEYOĞLU,41.029607,28.969963,594
133,BEKİRLİ,SİLİVRİ,41.225812,28.300005,237
134,BELGRAT,ÇATALCA,41.378018,28.383955,411
135,BEREKETZADE,BEYOĞLU,41.02560025,28.97465075,369
136,BEYAZIT,FATİH,41.010714,28.9672185,45
137,BEYCİLER,SİLİVRİ,41.234021,28.113581,1380
138,BEYLERBEYİ,ÜSKÜDAR,41.042915,29.042996,5169
139,BEŞTELSİZ,ZEYTİNBURNU,41.000564,28.902806,20808
140,BEŞYOL,KÜÇÜKÇEKMECE,40.994911,28.79752,3865
141,BIÇKIDERE,ŞİLE,41.069709,29.476016,364
142,BOLLUCA,ARNAVUTKÖY,41.198995,28.765745,8496
143,BOSTAN,BEYOĞLU,41.037845,28.975104,1788
144,BOSTANCI,KADIKÖY,40.953914,29.096175,32478
145,BOYALIK,ARNAVUTKÖY,41.262247,28.627584,856
146,BOZGOCA,ŞİLE,41.141745,29.776142,135
147,BOZHANE,BEYKOZ,41.163864,29.271391,470
148,BOZKURT,ŞİŞLİ,41.051307,28.984037,9649
149,BOĞAZKÖY İSTİKLAL,ARNAVUTKÖY,41.180878,28.773206,13133
150,BUCAKLI,ŞİLE,41.118209,29.89018,400
151,BULGURLU,ÜSKÜDAR,41.016693,29.076989,30419
152,BURGAZADA,ADALAR,40.879641,29.068678,2025
153,BURHANİYE,ÜSKÜDAR,41.02867,29.058333,16981
154,BÜLBÜL,BEYOĞLU,41.038756,28.980285,2657
155,BÜYÜK KILIÇLI,SİLİVRİ,41.164135,28.189786,1273
156,BÜYÜK SİNEKLİ,SİLİVRİ,41.223856,28.210152,418
157,BÜYÜK ÇAVUŞLU,SİLİVRİ,41.238422,28.060304,3268
158,BÜYÜKBAKKALKÖY,MALTEPE,40.970899,29.198365,13311
159,BÜYÜKDERE,SARIYER,41.160311,29.039126,8192
160,BÜYÜKŞEHİR,BEYLİKDÜZÜ,41.006711,28.644863,21125
161,BİNBİRDİREK,FATİH,41.006947333333336,28.972376333333333,612
162,BİRLİK,ESENLER,41.050504,28.873357,25740
163,CADDEBOSTAN,KADIKÖY,40.968781,29.061621,20234
164,CAFERAĞA,KADIKÖY,40.983055,29.025851,21261
165,CAMİ,TUZLA,40.816057,29.306842,6070
166,CAMİİKEBİR,BEYOĞLU,41.03275,28.966338,2475
167,CANKURTARAN,FATİH,41.005137,28.982052,1003
168,CEBECİ,SULTANGAZİ,41.108214,28.86577,59603
169,CELALİYE,BÜYÜKÇEKMECE,41.051496,28.41675,8562
170,CELEPKÖY,ÇATALCA,41.364486,28.49991,283
171,CEMİL MERİÇ,ÜMRANİYE,41.018222,29.140626,21995
172,CENNET,KÜÇÜKÇEKMECE,40.988571,28.783581,26920
173,CERRAHPAŞA,FATİH,41.006623,28.940048,7459
174,CEVATPAŞA,BAYRAMPAŞA,41.071641,28.885264,18739
175,CEVİZLİ,KARTAL,40.911583,29.168618,24093
176,CEVİZLİ,MALTEPE,40.919176,29.153373,41005
177,CEVİZLİK,BAKIRKÖY,40.974527,28.876051,5074
178,CUMHURİYET,BAHÇELİEVLER,41.015921,28.857782,37961
179,CUMHURİYET,BEYKOZ,41.12878,29.260631,1989
180,CUMHURİYET,BEYLİKDÜZÜ,41.009698,28.641263,26174
181,CUMHURİYET,BÜYÜKÇEKMECE,41.017848,28.626306,8632
182,CUMHURİYET,ESENYURT,41.017033,28.647788,14447
183,CUMHURİYET,KARTAL,40.907518,29.22084,23545
184,CUMHURİYET,SARIYER,41.144827,29.032672,10677
185,CUMHURİYET,SULTANGAZİ,41.086483,28.876294,13942
186,CUMHURİYET,ÇEKMEKÖY,41.020268,29.228887,17528
187,CUMHURİYET,ÜSKÜDAR,41.014363,29.081101,37392
188,CUMHURİYET,ŞİŞLİ,41.056223,28.980218,7635
189,CİBALİ,FATİH,41.023627,28.956265,6721
190,CİHANGİR,AVCILAR,40.988201,28.711361,60632
191,CİHANGİR,BEYOĞLU,41.032365999999996,28.98508,3190
192,CİHANNÜMA,BEŞİKTAŞ,41.046064,29.007305000000002,3405
193,DANAMANDIRA,SİLİVRİ,41.307496,28.24427,1128
194,DARLIK,ŞİLE,41.042561,29.575455,193
195,DARÜŞŞAFAKA,SARIYER,41.124555,29.03506,8877
196,DAĞYENİCE,ÇATALCA,41.271429,28.483341,812
197,DEFTERDAR,EYÜPSULTAN,41.037902,28.934967,4601
198,DELİKLİKAYA,ARNAVUTKÖY,41.111092,28.654064,8983
199,DEMİRCİKÖY,SARIYER,41.235383,29.056388,1732
200,DEMİRKAPI,BAĞCILAR,41.051111,28.840146,54601
201,DEMİRTAŞ,FATİH,41.019027,28.964558,305
202,DENİZKÖŞKLER,AVCILAR,40.977171,28.738116,39439
203,DEREAĞZI,BEYLİKDÜZÜ,40.987453,28.616506,21965
204,DERESEKİ,BEYKOZ,41.151877,29.12987,1647
205,DERVİŞ ALİ,FATİH,41.028879,28.938568,16606
206,DEĞİRMENKÖY FEVZİPAŞA,SİLİVRİ,41.0986325,28.00956,3706
207,DEĞİRMENÇAYIRI,ŞİLE,40.977034,29.661153,614
208,DOĞANCILI,ŞİLE,41.193473,29.439566,948
209,DOĞU,PENDİK,40.879992,29.238088,14941
210,DUATEPE,ŞİŞLİ,41.053269,28.980787,7388
211,DUMLUPINAR,PENDİK,40.895501,29.255521,26965
212,DUMLUPINAR,ÜMRANİYE,41.050094,29.091453,11793
213,DURSUNKÖY,ARNAVUTKÖY,41.203868,28.636518,470
214,DURUSU,ARNAVUTKÖY,41.302828,28.677436,743
215,DİKİLİTAŞ,BEŞİKTAŞ,41.054919,29.003349,14642
216,DİZDARİYE,BÜYÜKÇEKMECE,41.02077,28.576687,6426
217,EKİNOBA,BÜYÜKÇEKMECE,41.01074,28.541833,14594
218,EKŞİOĞLU,ÇEKMEKÖY,41.032873,29.234715,11330
219,ELBASAN,ÇATALCA,41.138601,28.415,676
220,ELMALI,BEYKOZ,41.139718,29.13284,3133
221,ELMALIKENT,ÜMRANİYE,41.034505,29.09619,22509
222,EMEK,SANCAKTEPE,41.003564,29.199155,27320
223,EMEKYEMEZ,BEYOĞLU,41.026491,28.970888,168
224,EMNİYET EVLERİ,KAĞITHANE,41.085832,29.00535,8480
225,EMNİYETTEPE,EYÜPSULTAN,41.070164,28.946588,10968
226,EMİRGAN,SARIYER,41.104924,29.056316,7924
227,EMİRLİ,PENDİK,40.990396,29.339786,267
228,ERENKÖY,KADIKÖY,40.97746,29.073668,33740
229,ERENLER,ŞİLE,41.118613,29.567233,232
230,ERGENEKON,ŞİŞLİ,41.046816,28.9850465,2287
231,ERTUĞRUL GAZİ,PENDİK,40.919539,29.261587,12271
232,ESATPAŞA,ATAŞEHİR,41.001109,29.085617,32949
233,ESENCELİ,ŞİLE,41.053472,29.392624,100
234,ESENEVLER,ÜMRANİYE,41.015882,29.092662,26274
235,ESENKENT,MALTEPE,40.927096,29.167691,17949
236,ESENKENT,ÜMRANİYE,41.001756,29.186823,21558
237,ESENLER,PENDİK,40.884094,29.273675,33574
238,ESENTEPE,EYÜPSULTAN,41.06845,28.94008,22059
239,ESENTEPE,KARTAL,40.90336,29.185394,32087
240,ESENTEPE,SULTANGAZİ,41.10119,28.88084,62645
241,ESENTEPE,ŞİŞLİ,41.065732,29.009531,7038
242,ESENYALI,PENDİK,40.862343,29.295083,13957
243,ESENŞEHİR,ÜMRANİYE,41.009391,29.167332,20651
244,ESKİ HABİPLER,SULTANGAZİ,41.132558,28.83279,14336
245,ESKİŞEHİR,ŞİŞLİ,41.045988,28.97979,11231
246,ETİLER,BEŞİKTAŞ,41.082647,29.036456,10290
247,EVLİYA ÇELEBİ,BEYOĞLU,41.029936,28.971846,258
248,EVLİYA ÇELEBİ,TUZLA,40.841563,29.300158,14855
249,EYÜP SULTAN,SANCAKTEPE,40.986561,29.225991,24066
250,EĞİTİM,KADIKÖY,40.987763,29.052926,13008
251,FATİH,ARNAVUTKÖY,41.218548,28.705084,3995
252,FATİH,BAĞCILAR,41.051272,28.84635,39414
253,FATİH,BEYKOZ,41.090839,29.12584,4296
254,FATİH,BÜYÜKÇEKMECE,41.021356,28.588989,17857
255,FATİH,ESENLER,41.042196,28.866782,40022
256,FATİH,ESENYURT,41.030825,28.67942,27695
257,FATİH,KÜÇÜKÇEKMECE,40.994418,28.76724,10834
258,FATİH,PENDİK,40.866875,29.298888,21096
259,FATİH,SANCAKTEPE,40.958604,29.214413,38699
260,FATİH,SULTANBEYLİ,40.955676,29.271759,21081
261,FATİH,SİLİVRİ,41.072844,28.2468935,6667
262,FATİH,TUZLA,40.927656,29.341628,1201
263,FATİH,ÇATALCA,41.413427,28.1861845,1390
264,FATİH SULTAN MEHMET,SARIYER,41.09259,29.035334,15653
265,FATİH SULTAN MEHMET,ÜMRANİYE,41.025996,29.123765,4657
266,FENER,SİLİVRİ,41.150287,28.237833,1467
267,FENERBAHÇE,KADIKÖY,40.974977,29.04304,20734
268,FENERYOLU,KADIKÖY,40.984758,29.048353,24750
269,FERAH,ÜSKÜDAR,41.033297,29.073432,21588
270,FERAHEVLER,SARIYER,41.131931,29.041685,15013
271,FERHATPAŞA,ATAŞEHİR,40.986769,29.172204,20310
272,FERİKÖY,ŞİŞLİ,41.05026,28.978558,13456
273,FETİH,ATAŞEHİR,41.005469,29.074761,11476
274,FETİHTEPE,BEYOĞLU,41.052983,28.958044,12301
275,FEVZİ ÇAKMAK,BAHÇELİEVLER,40.996139,28.834455,22087
276,FEVZİ ÇAKMAK,BAĞCILAR,41.043073,28.857882,32776
277,FEVZİ ÇAKMAK,ESENLER,41.043179,28.880908,30328
278,FEVZİ ÇAKMAK,GAZİOSMANPAŞA,41.071391,28.904587,23032
279,FEVZİ ÇAKMAK,KÜÇÜKÇEKMECE,41.006707,28.789144,26584
280,FEVZİ ÇAKMAK,PENDİK,40.882094,29.267259,38271
281,FEYZULLAH,MALTEPE,40.927194,29.127157,19597
282,FINDIKLI,MALTEPE,40.969993,29.132459,63722
283,FULYA,ŞİŞLİ,41.065572,28.996093,16382
284,FİKİRTEPE,KADIKÖY,40.993911,29.049497,12308
285,FİRUZAĞA,BEYOĞLU,41.030383,28.981096,3675
286,FİRUZKÖY,AVCILAR,41.010386,28.71021,24099
287,GARİPÇE,SARIYER,41.214297,29.108504,400
288,GAYRETTEPE,BEŞİKTAŞ,41.063609,29.006499,12701
289,GAZİ,SULTANGAZİ,41.105193,28.897225,35135
290,GAZİTEPE,SİLİVRİ,41.128109,28.322789,1212
291,GENÇOSMAN,GÜNGÖREN,41.02743,28.878832,39756
292,GEREDELİ,ŞİLE,41.079296,29.866892,730
293,GÖKALP,ZEYTİNBURNU,40.992189,28.907849,17623
294,GÖKEVLER,ESENYURT,41.025624,28.633982,17691
295,GÖKMAŞLI,ŞİLE,41.096291,29.803315,230
296,GÖKSU,BEYKOZ,41.079368,29.074756,2317
297,GÖKSU,ŞİLE,41.078611,29.775788,307
298,GÖKTÜRK MERKEZ,EYÜPSULTAN,41.180746,28.889306,39863
299,GÖKÇEALİ,ÇATALCA,41.201135,28.445571,2068
300,GÖLLÜ,BEYKOZ,41.175398,29.269585,246
301,GÖRELE,BEYKOZ,41.116553,29.14626,2029
302,GÖZTEPE,BAĞCILAR,41.057216,28.834695,40178
303,GÖZTEPE,BEYKOZ,41.079755,29.076401,9983
304,GÖZTEPE,KADIKÖY,40.979187,29.064434,38335
305,GÖÇBEYLİ,PENDİK,40.9784,29.460145,1466
306,GÖÇE,ŞİLE,41.107785,29.853509,871
307,GÜLBAHAR,ŞİŞLİ,41.071345,28.999351,22921
308,GÜLENSU,MALTEPE,40.935327,29.161842,13625
309,GÜLLÜ BAĞLAR,PENDİK,40.893176,29.276335,19301
310,GÜLSUYU,MALTEPE,40.928701,29.155068,14593
311,GÜLTEPE,KAĞITHANE,41.080294,28.994257,13941
312,GÜLTEPE,KÜÇÜKÇEKMECE,40.995606,28.791488,28757
313,GÜMÜŞDERE,SARIYER,41.237158,28.984321,2423
314,GÜMÜŞPALA,AVCILAR,40.980902,28.736248,36857
315,GÜMÜŞPINAR,KARTAL,40.91839,29.205778,26581
316,GÜMÜŞPINAR,ÇATALCA,41.313409,28.285274,926
317,GÜMÜŞSUYU,BEYKOZ,41.126835,29.100984,12968
318,GÜMÜŞSUYU,BEYOĞLU,41.035119,28.99054,1954
319,GÜMÜŞYAKA,SİLİVRİ,41.04661,28.041523,9930
320,GÜNEŞLİ,BAĞCILAR,41.037774,28.83173,44175
321,GÜNEŞTEPE,GÜNGÖREN,41.02539,28.864734,45667
322,GÜNGÖREN,ÇEKMEKÖY,41.024203,29.219305,15599
323,GÜRPINAR,BEYLİKDÜZÜ,40.989457,28.605839,20388
324,GÜRSEL,KAĞITHANE,41.071122,28.972143,29476
325,GÜVERCİNTEPE,BAŞAKŞEHİR,41.0732645,28.7503305,79017
326,GÜZELCE,BÜYÜKÇEKMECE,41.00026,28.514744,10765
327,GÜZELTEPE,EYÜPSULTAN,41.076251,28.950224,33813
328,GÜZELYALI,PENDİK,40.859715,29.280409,33231
329,GÜZELYURT,ESENYURT,41.008709,28.666694,17956
330,GİRNE,MALTEPE,40.942408,29.141566,19579
331,HABİBLER,SULTANGAZİ,41.133671,28.839614,8163
332,HACI KADIN,FATİH,41.0193425,28.960104,217
333,HACIAHMET,BEYOĞLU,41.042912,28.97483,14999
334,HACILLI,ŞİLE,41.04554,29.769709,274
335,HACIMAŞLI,ARNAVUTKÖY,41.155506,28.71256,693
336,HACIMİMİ,BEYOĞLU,41.0270005,28.979077,1136
337,HADIMKÖY,ARNAVUTKÖY,41.156101,28.621491,27984
338,HALICIOĞLU,BEYOĞLU,41.050382,28.949673,12420
339,HALKALI MERKEZ,KÜÇÜKÇEKMECE,41.03259,28.791192,81277
340,HALLAÇLI,ÇATALCA,41.320059,28.099776,1413
341,HALİDE EDİP ADIVAR,ŞİŞLİ,41.061735,28.975477,16468
342,HALİL RIFAT PAŞA,ŞİŞLİ,41.057054,28.969476,6594
343,HAMİDİYE,KAĞITHANE,41.094784,28.969959,41128
344,HAMİDİYE,SULTANBEYLİ,40.956148,29.285372,26424
345,HAMİDİYE,ÇEKMEKÖY,41.027315,29.186825,29664
346,HARAÇÇI,ARNAVUTKÖY,41.179153,28.702043,12042
347,HARMANDERE,PENDİK,40.928222,29.322023,10294
348,HARMANTEPE,KAĞITHANE,41.081033,28.990496,21234
349,HASANLI,ŞİLE,41.017866,29.664797,303
350,HASANPAŞA,KADIKÖY,40.994731,29.037546,16034
351,HASANPAŞA,SULTANBEYLİ,40.968779,29.250461,17528
352,HASEKİ SULTAN,FATİH,41.010232,28.942779,8945
353,HAVAALANI,ESENLER,41.058806,28.869654,32456
354,HAZNEDAR,GÜNGÖREN,41.008814,28.872158499999998,16757
355,HEKİMBAŞI,ÜMRANİYE,41.061018,29.098473,7403
356,HEYBELİADA,ADALAR,40.877262,29.099086,4661
357,HIRKA-İ ŞERİF,FATİH,41.023386,28.93914,20502
358,HOCAPAŞA,FATİH,41.013836,28.975574,256
359,HUZUR,SARIYER,41.104461,28.997597,8568
360,HUZUR,ÜMRANİYE,41.027889,29.161978,12230
361,HÜRRİYET,BAHÇELİEVLER,40.995485,28.842741,42183
362,HÜRRİYET,BAĞCILAR,41.028724,28.833318,24973
363,HÜRRİYET,ESENYURT,41.034266,28.645512,28342
364,HÜRRİYET,GAZİOSMANPAŞA,41.069068,28.900149,27191
365,HÜRRİYET,KARTAL,40.90189,29.228527,50968
366,HÜRRİYET,KAĞITHANE,41.071985,28.984994,20205
367,HÜSEYİNAĞA,BEYOĞLU,41.035862,28.979486,483
368,HÜSEYİNLİ,ÇEKMEKÖY,41.11878,29.292428,842
369,HİCRET,ARNAVUTKÖY,41.196007,28.759781,4454
370,HİLAL,SANCAKTEPE,41.021969,29.260808,6277
371,HİSARBEYLİ,ÇATALCA,41.368748,28.474289,368
372,IHLAMURKUYU,ÜMRANİYE,41.021051,29.131785,15817
373,IŞIKLAR,EYÜPSULTAN,41.227136,28.826282,604
374,KABAKOZ,ŞİLE,41.143355,29.688869,790
375,KABAKÇA,ÇATALCA,41.228633,28.369894,2001
376,KADIKÖY,SİLİVRİ,41.135927,28.364314,1405
377,KADIKÖY,ŞİLE,41.110393,29.905018,252
378,KADIMEHMET EFENDİ,BEYOĞLU,41.034043,28.963927,8877
379,KALEM,ŞİLE,41.088605,29.844497,349
380,KALENDERHANE,FATİH,41.014928,28.958593,2053
381,KALEİÇİ,ÇATALCA,41.143161,28.456508999999997,7810
382,KALFA,ÇATALCA,41.289188,28.440321,923
383,KAMER HATUN,BEYOĞLU,41.0354035,28.9747655,662
384,KAMİLOBA,BÜYÜKÇEKMECE,41.043186,28.435271,9506
385,KANARYA,KÜÇÜKÇEKMECE,41.009257,28.780769,68195
386,KANDİLLİ,ÜSKÜDAR,41.0678075,29.055931,1414
387,KANLICA,BEYKOZ,41.100277,29.065615,3885
388,KAPTANPAŞA,BEYOĞLU,41.041568,28.962286,18630
389,KAPTANPAŞA,ŞİŞLİ,41.064452,28.97092,3059
390,KARAAĞAÇ,BÜYÜKÇEKMECE,41.10848,28.590497,6480
391,KARABEYLİ,ŞİLE,41.105663,29.734003,239
392,KARABURUN,ARNAVUTKÖY,41.346534,28.683327,2018
393,KARACAKÖY,ŞİLE,41.151856,29.768872,352
394,KARACAKÖY MERKEZ,ÇATALCA,41.402864,28.383006,2591
395,KARADENİZ,GAZİOSMANPAŞA,41.081279,28.882044,71482
396,KARADOLAP,EYÜPSULTAN,41.077507,28.933463,31766
397,KARAGÜMRÜK,FATİH,41.026117,28.937756,10383
398,KARAKİRAZ,ŞİLE,41.179673,29.348114,320
399,KARAMANDERE,ÇATALCA,41.376065,28.305676,626
400,KARAMANDERE,ŞİLE,41.134739,29.589443,375
401,KARAYOLLARI,GAZİOSMANPAŞA,41.088185,28.895755,38294
402,KARLIBAYIR,ARNAVUTKÖY,41.181737,28.714988,11576
403,KARLIKTEPE,KARTAL,40.891508,29.188064,33598
404,KARLITEPE,GAZİOSMANPAŞA,41.057775,28.927233,18845
405,KARTALTEPE,BAKIRKÖY,40.983208,28.875686,34375
406,KARTALTEPE,BAYRAMPAŞA,41.055858,28.903979,43635
407,KARTALTEPE,KÜÇÜKÇEKMECE,40.999316,28.797184,14748
408,KATİP KASIM,FATİH,41.0060815,28.953869,1318
409,KATİPMUSTAFA ÇELEBİ,BEYOĞLU,41.033662,28.982199,699
410,KAVACIK,BEYKOZ,41.09285,29.083319,22383
411,KAVAKLI,BEYLİKDÜZÜ,40.983495,28.64177,67292
412,KAVAKLI İSTİKLAL,SİLİVRİ,41.092388,28.332308,2115
413,KAVAKPINAR,PENDİK,40.880838,29.281254,65885
414,KAYABAŞI,BAŞAKŞEHİR,41.10526,28.759977,118479
415,KAYIŞDAĞI,ATAŞEHİR,40.981263,29.147782,41203
416,KAYNARCA,BEYKOZ,41.180145,29.158523,772
417,KAYNARCA,PENDİK,40.874438,29.25999,46198
418,KAZIM KARABEKİR,GAZİOSMANPAŞA,41.077794,28.911574,42091
419,KAZIM KARABEKİR,ÜMRANİYE,41.043495,29.10423,15635
420,KAZIM KARABEKİR PAŞA,SARIYER,41.159657,29.025099,7709
421,KAZLIÇEŞME,ZEYTİNBURNU,41.000635,28.915768,5941
422,KEMAL TÜRKLER,SANCAKTEPE,41.004294,29.217866,22647
423,KEMALPAŞA,BAĞCILAR,41.049588,28.850706,31131
424,KEMALPAŞA,FATİH,41.011508500000005,28.954026,448
425,KEMALPAŞA,KÜÇÜKÇEKMECE,41.000942,28.794421,14002
426,KEMER,ESENLER,41.050099,28.879517,21230
427,KERVANSARAY,ŞİLE,41.072252,29.453038,430
428,KESTANELİK,ÇATALCA,41.234594,28.494928,2503
429,KEÇECİ PİRİ,BEYOĞLU,41.041289,28.95463,13462
430,KILIÇALİ PAŞA,BEYOĞLU,41.030899,28.982814,2132
431,KILIÇLI,BEYKOZ,41.153012,29.299524,547
432,KINALIADA,ADALAR,40.910724,29.055251,2044
433,KISIKLI,ÜSKÜDAR,41.02594,29.074715,19905
434,KISIRKAYA,SARIYER,41.251715,28.977576,439
435,KIZILCA,ŞİLE,41.154794,29.539576,738
436,KIZILCAALİ,ÇATALCA,41.236044,28.560162,201
437,KOCASİNAN MERKEZ,BAHÇELİEVLER,41.018001,28.84234,69725
438,KOCATAŞ,SARIYER,41.167944,29.035846,4417
439,KOCATEPE,BAYRAMPAŞA,41.053001,28.896924,20553
440,KOCATEPE,BEYOĞLU,41.0398555,28.982838,1401
441,KONAKLAR,BEŞİKTAŞ,41.089177,29.010355,15699
442,KORDONBOYU,KARTAL,40.887402,29.190898,12489
443,KORUCU,ŞİLE,41.122156,29.569574,245
444,KOZA,ESENYURT,41.059668,28.667541,10025
445,KOZYATAĞI,KADIKÖY,40.968432,29.098058,36361
446,KOÇULLU,ÇEKMEKÖY,41.077102,29.348619,1369
447,KOŞUYOLU,KADIKÖY,41.008932,29.035656,6648
448,KULAKSIZ,BEYOĞLU,41.037372,28.963577,8650
449,KUMBABA,ŞİLE,41.166551,29.577383,1710
450,KUMBURGAZ,BÜYÜKÇEKMECE,41.030321,28.455548,9799
451,KUMKÖY (KİLYOS),SARIYER,41.245767,29.036089,3949
452,KURFALLI,SİLİVRİ,41.201752,28.261486,552
453,KURFALLI,ŞİLE,41.134226,29.825655,330
454,KURNA,PENDİK,40.95548,29.334941,1181
455,KURNA,ŞİLE,41.194224,29.364486,279
456,KURTDOĞMUŞ,PENDİK,41.012131,29.360231,604
457,KURTKÖY,PENDİK,40.912101,29.297978,39477
458,KURUÇEŞME,BEŞİKTAŞ,41.060817,29.0354,2791
459,KUZGUNCUK,ÜSKÜDAR,41.033455,29.031262,3827
460,KUŞTEPE,ŞİŞLİ,41.070204,28.990637,14678
461,KÖMÜRLÜK,ŞİLE,41.079803,29.435108,258
462,KÜLTÜR,BEŞİKTAŞ,41.072916,29.034458,4485
463,KÜÇÜK AYASOFYA,FATİH,41.003832,28.973602,1418
464,KÜÇÜK KILIÇLI,SİLİVRİ,41.131625,28.204605,312
465,KÜÇÜK PİYALE,BEYOĞLU,41.038289,28.96752,8330
466,KÜÇÜK SİNEKLİ,SİLİVRİ,41.229868,28.191248,135
467,KÜÇÜKBAKKALKÖY,ATAŞEHİR,40.981651,29.114931,29413
468,KÜÇÜKSU,ÜSKÜDAR,41.063567,29.0690515,18707
469,KÜÇÜKYALI MERKEZ,MALTEPE,40.949216,29.114544,25245
470,KÜÇÜKÇAMLICA,ÜSKÜDAR,41.012562,29.068914,10955
471,KİRAZLI,BAĞCILAR,41.03551,28.840769,39023
472,KİRAZLIDERE,ÇEKMEKÖY,41.018025,29.21581,10779
473,KİRAZLITEPE,ÜSKÜDAR,41.0379225,29.058383,11075
474,KİREÇBURNU,SARIYER,41.142016,29.047948,6676
475,LEVAZIM,BEŞİKTAŞ,41.064088,29.019045,6049
476,LEVENT,BEŞİKTAŞ,41.077633,29.015847,2831
477,MADEN,SARIYER,41.172639,29.053333,14064
478,MADENLER,ÜMRANİYE,41.011818,29.185784,16003
479,MAHMUT ŞEVKET PAŞA,ŞİŞLİ,41.051904,28.964711,18074
480,MAHMUTBEY,BAĞCILAR,41.053493,28.825779,25535
481,MAHMUTŞEVKETPAŞA,BEYKOZ,41.151158,29.188113,1827
482,MALKOÇOĞLU,SULTANGAZİ,41.114721,28.847862,13007
483,MALTEPE,ZEYTİNBURNU,41.020241,28.907185,12032
484,MAREŞAL FEVZİ ÇAKMAK,ARNAVUTKÖY,41.199292,28.726101,7423
485,MAREŞAL ÇAKMAK,GÜNGÖREN,41.014528,28.865245,26737
486,MARMARA,BEYLİKDÜZÜ,40.981355,28.67189,31850
487,MASLAK,SARIYER,41.113386,29.014989,14281
488,MAVİGÖL,ARNAVUTKÖY,41.201868,28.766002,10633
489,MECLİS,SANCAKTEPE,41.012775,29.197041,27568
490,MECİDİYE,BEŞİKTAŞ,41.055257,29.022474,9486
491,MECİDİYE,SULTANBEYLİ,40.959972,29.295819,21900
492,MECİDİYEKÖY,ŞİŞLİ,41.069283,28.998634,19289
493,MEHMET AKİF,KÜÇÜKÇEKMECE,41.057268,28.804389,51978
494,MEHMET AKİF,SULTANBEYLİ,40.96157,29.264578,29092
495,MEHMET AKİF,ÇEKMEKÖY,41.018569,29.184716,33245
496,MEHMET AKİF,ÜMRANİYE,41.006468,29.140749,26384
497,MEHMET AKİF ERSOY,ARNAVUTKÖY,41.208308,28.715542,8132
498,MEHMET AKİF ERSOY,ESENYURT,41.018846,28.666724,26809
499,MEHMET AKİF ERSOY,KAĞITHANE,41.058841,28.955054,12274
500,MEHMET AKİF ERSOY,ÜSKÜDAR,41.044312000000005,29.0702145,18182
501,MEHMET NESİH ÖZMEN,GÜNGÖREN,41.013375,28.890721,7552
502,MEHTERÇEŞME,ESENYURT,41.018275,28.664756,37697
503,MENDERES,ESENLER,41.043418,28.8773615,30138
504,MERCAN,FATİH,41.013767,28.966889,128
505,MERDİVENKÖY,KADIKÖY,40.982241,29.069298,30728
506,MERKEZ,AVCILAR,40.980468,28.721249,26592
507,MERKEZ,BAĞCILAR,41.032548,28.859062,26590
508,MERKEZ,BEYKOZ,41.134177,29.094272,5785
509,MERKEZ,EYÜPSULTAN,41.052405,28.934675499999997,11858
510,MERKEZ,GAZİOSMANPAŞA,41.057492,28.916552,30237
511,MERKEZ,GÜNGÖREN,41.02358,28.871537,39468
512,MERKEZ,KAĞITHANE,41.082116,28.971054,34163
513,MERKEZ,ÇEKMEKÖY,41.037389,29.175135,33447
514,MERKEZ,ŞİŞLİ,41.062529,28.984632,13206
515,MERKEZEFENDİ,ZEYTİNBURNU,41.010534,28.913421,23844
516,MERVE,SANCAKTEPE,41.006233,29.23924,21451
517,MESCİT,TUZLA,40.895069,29.354973,5760
518,MEVLANA,ATAŞEHİR,40.990942,29.155413,17403
519,MEVLANA,ESENYURT,41.011515,28.653017,14560
520,MEVLANA,GAZİOSMANPAŞA,41.084986,28.912591,22139
521,MEVLANA,SANCAKTEPE,41.008787,29.258266,22651
522,MEVLANAKAPI,FATİH,41.015589,28.925633,17451
523,MEŞRUTİYET,ŞİLE,41.158569,29.562031,2484
524,MEŞRUTİYET,ŞİŞLİ,41.054895,28.987503,6920
525,MOLLA GÜRANİ,FATİH,41.013973,28.943513,11701
526,MOLLA HÜSREV,FATİH,41.0159525,28.958826000000002,1291
527,MUHSİNE HATUN,FATİH,41.004342,28.963553,1290
528,MURAT ÇESME,BÜYÜKÇEKMECE,41.014983,28.531132,19532
529,MURATBEY MERKEZ,ÇATALCA,41.096645,28.492771,1435
530,MURATPAŞA,BAYRAMPAŞA,41.051106,28.906751,33119
531,MURATREİS,ÜSKÜDAR,41.0235345,29.0321225,13566
532,MUSTAFA KEMAL,ATAŞEHİR,41.00353,29.094957,13509
533,MUSTAFA KEMAL PAŞA,ARNAVUTKÖY,41.186974,28.731863,18855
534,MUSTAFA KEMALPAŞA,AVCILAR,41.003445,28.706895,45252
535,MİMAR HAYRETTİN,FATİH,41.006966,28.967087,472
536,MİMAR KEMALETTİN,FATİH,41.009107,28.958369,184
537,MİMAR SİNAN,ATAŞEHİR,40.985242,29.163229,9591
538,MİMAR SİNAN,BÜYÜKÇEKMECE,41.014605,28.562321,9382
539,MİMAR SİNAN,ESENLER,41.0341905,28.8893985,13116
540,MİMAR SİNAN,SULTANBEYLİ,40.991733,29.26936,28524
541,MİMAR SİNAN,TUZLA,40.840406,29.359845,29105
542,MİMAR SİNAN,ÇEKMEKÖY,41.033112,29.181446,27140
543,MİMAR SİNAN,ÜSKÜDAR,41.023511,29.018261,11364
544,MİMAROBA,BÜYÜKÇEKMECE,41.00164,28.541967,20010
545,MİTHATPAŞA,EYÜPSULTAN,41.1596825,28.913219,9663
546,NAKKAŞ,ÇATALCA,41.187568,28.555889,793
547,NAMIK KEMAL,ÜMRANİYE,41.023253,29.091976,28670
548,NECİP FAZIL,SULTANBEYLİ,40.94015,29.278175,24476
549,NECİP FAZIL,ÜMRANİYE,41.015473,29.164939,29138
550,NECİP FAZIL KISAKÜREK,ESENYURT,41.033027,28.64845,20015
551,NENEHATUN,ARNAVUTKÖY,41.1999585,28.729529499999998,11868
552,NURTEPE,KAĞITHANE,41.07749,28.962714,26360
553,NURİPAŞA,ZEYTİNBURNU,40.988941,28.900627,25261
554,NİNE HATUN,ESENLER,41.033298,28.878169,38711
555,NİSBETİYE,BEŞİKTAŞ,41.071182,29.029002,11004
556,NİZAM,ADALAR,40.873477,29.128518,4066
557,NİŞANCA,FATİH,41.005154,28.958596,4034
558,NİŞANCI,EYÜPSULTAN,41.042393,28.935807,14854
559,NİŞANTEPE,ÇEKMEKÖY,41.042524,29.265726,13587
560,ODAYERİ,EYÜPSULTAN,41.236436,28.853676,247
561,OKLALI,ÇATALCA,41.222493,28.475631,1519
562,ORHAN GAZİ,ESENYURT,41.066825,28.658555,19205
563,ORHANGAZİ,PENDİK,40.866535,29.287379,27865
564,ORHANGAZİ,SULTANBEYLİ,40.940264,29.286735,18477
565,ORHANLI,TUZLA,40.89607,29.357353,2023
566,ORHANTEPE,KARTAL,40.905941,29.161216,27510
567,ORMANLI,ÇATALCA,41.392277,28.453618,1081
568,ORTA,BAYRAMPAŞA,41.0342415,28.9130275,15778
569,ORTA,KARTAL,40.914472,29.201998,18220
570,ORTA,PENDİK,40.889113,29.243144,3224
571,ORTA,TUZLA,40.904553,29.378623,12054
572,ORTABAYIR,KAĞITHANE,41.077354,29.003404,21968
573,ORTAKÖY,BEŞİKTAŞ,41.051494,29.027704,9031
574,ORTAKÖY,SİLİVRİ,41.100568,28.376195,4773
575,ORUÇOĞLU,ŞİLE,41.06336,29.490634,456
576,ORUÇREİS,ESENLER,41.062428,28.856147,33090
577,OSMANAĞA,KADIKÖY,40.98498,29.033961,7451
578,OSMANGAZİ,ESENYURT,41.041059,28.647242,30709
579,OSMANGAZİ,SANCAKTEPE,40.983337,29.232752,54014
580,OSMANKÖY,ŞİLE,41.081942,29.730719,306
581,OSMANİYE,BAKIRKÖY,40.994649,28.883419,22271
582,OVACIK,ŞİLE,41.119417,29.617768,164
583,OVAYENİCE,ÇATALCA,41.100186,28.419065,1287
584,PARSELLER,ÜMRANİYE,41.029622,29.158018,15839
585,PAŞA,ŞİŞLİ,41.051929,28.976076,18827
586,PAŞABAHÇE,BEYKOZ,41.115335,29.0956045,3659
587,PAŞAKÖY,SANCAKTEPE,41.018296,29.278715,1769
588,PAŞAMANDIRA,BEYKOZ,41.183767,29.251159,1373
589,PETROL İŞ,KARTAL,40.89608,29.178946,28935
590,PINAR,ESENYURT,41.033168,28.663694,42721
591,PINAR,SARIYER,41.114213,29.031826,10922
592,PINARTEPE,BÜYÜKÇEKMECE,40.996222,28.608152,23435
593,POLONEZKÖY,BEYKOZ,41.110234,29.211681,388
594,POLİGON,SARIYER,41.116596,29.041019,6220
595,POSTANE,TUZLA,40.817491,29.303842,22776
596,POYRAZKÖY,BEYKOZ,41.206977,29.131919,881
597,PTT EVLERİ,SARIYER,41.155475,29.022522,5133
598,PİRİ MEHMET PAŞA,SİLİVRİ,41.074569,28.244028666666665,7741
599,PİRİ REİS,ESENYURT,41.019437,28.648974,17057
600,PİRİNÇÇİ,EYÜPSULTAN,41.133966,28.832899,3514
601,PİRİPAŞA,BEYOĞLU,41.044116,28.951127,15303
602,PİYALEPAŞA,BEYOĞLU,41.04949,28.96028,20512
603,RAMAZANOĞLU,PENDİK,40.896049,29.286279,2429
604,RAMİ CUMA,EYÜPSULTAN,41.048745,28.920343,14639
605,RAMİ YENİ,EYÜPSULTAN,41.051811,28.916712,14843
606,RASİMPAŞA,KADIKÖY,40.995431,29.031926,12082
607,REŞADİYE,ÇEKMEKÖY,41.079781,29.250004,2953
608,REŞİTPAŞA,SARIYER,41.103952,29.047619,16743
609,RUMELİ KAVAĞI,SARIYER,41.181476,29.073434,3562
610,RUMELİFENERİ,SARIYER,41.233869,29.112139,4679
611,RÜSTEMPAŞA,FATİH,41.017067,28.970408499999998,19
612,RÜZGARLIBAHÇE,BEYKOZ,41.097945,29.099784,7879
613,RİVA,BEYKOZ,41.223267,29.217724,3978
614,SAADETDERE,ESENYURT,41.010656,28.69637,24511
615,SAFA,SANCAKTEPE,41.008702,29.247896,25062
616,SAHRAYICEDİT,KADIKÖY,40.984961,29.083185,29451
617,SAHİL,BEYLİKDÜZÜ,40.964581,28.64052,8374
618,SAHİLKÖY,ŞİLE,41.202418,29.412563,1078
619,SAKARYA,EYÜPSULTAN,41.065116,28.941067,10915
620,SAKIZAĞACI,BAKIRKÖY,40.977833,28.880687,8550
621,SALACAK,ÜSKÜDAR,41.017629,29.013806,9212
622,SANAYİ,GÜNGÖREN,41.018204,28.879833,11204
623,SANCAKTEPE,BAĞCILAR,41.039477,28.855817,18984
624,SAPAN BAĞLARI,PENDİK,40.887379,29.22162,12225
625,SARAY,ÜMRANİYE,41.031977,29.117071,3460
626,SARAÇ İSHAK,FATİH,41.007336,28.964051,798
627,SARIGAZİ,SANCAKTEPE,41.005738,29.211286,23865
628,SARIGÖL,GAZİOSMANPAŞA,41.059972,28.916687,25213
629,SARIYER MERKEZ,SARIYER,41.166501,29.057299,11362
630,SARIYER YENİMAHALLE,SARIYER,41.171132,29.060039,11362
631,SATMAZLI,ŞİLE,41.128872,29.556252,453
632,SAYALAR,SİLİVRİ,41.316316,28.174329,919
633,SAZLIBOSNA,ARNAVUTKÖY,41.155529,28.674865,1096
634,SELAHADDİN EYYUBİ,ESENYURT,41.046628,28.661751,29837
635,SELİMPAŞA,SİLİVRİ,41.055091,28.365595,25813
636,SELİMİYE,ÜSKÜDAR,41.010586,29.017422,8611
637,SEMİZKUMLAR,SİLİVRİ,41.075279,28.147001,37159
638,SEYMEN,SİLİVRİ,41.156483,28.170463,1049
639,SEYRANTEPE,KAĞITHANE,41.097439,28.995571,24056
640,SEYYİD ÖMER,FATİH,41.008715,28.930267,23592
641,SEYİTNİZAM,ZEYTİNBURNU,41.004994,28.907509,21530
642,SIRAPINAR,ÇEKMEKÖY,41.100865,29.326428,1233
643,SOFULAR,ŞİLE,41.172684,29.491346,362
644,SORTULLU,ŞİLE,41.069062,29.735121,159
645,SOĞANLI,BAHÇELİEVLER,41.01102,28.855333,61359
646,SOĞANLIK YENİ,KARTAL,40.917601,29.193371,27806
647,SOĞUKPINAR,ÇEKMEKÖY,41.023315,29.232625,10618
648,SOĞULLU,ŞİLE,41.095499,29.821136,196
649,SUADİYE,KADIKÖY,40.95999,29.085614,25584
650,SUBAŞI,ÇATALCA,41.222053,28.455024,1569
651,SULTAN AHMET,FATİH,41.003265,28.977203,444
652,SULTAN SELİM,KAĞITHANE,41.089142,28.999328,35245
653,SULTANTEPE,ÜSKÜDAR,41.028342,29.021055,10543
654,SULTANÇİFTLİĞİ,SULTANGAZİ,41.099586,28.861879,37094
655,SULTANÇİFTLİĞİ,ÇEKMEKÖY,41.031903,29.224063,21027
656,SULTANİYE,ESENYURT,41.0365325,28.684066,23330
657,SURURİ,FATİH,41.011676,28.972023,46
658,SURURİ MEHMET EFENDİ,BEYOĞLU,41.036771,28.972454,3886
659,SÖĞÜTLÜ ÇEŞME,KÜÇÜKÇEKMECE,41.017576,28.785217,32646
660,SÜLEYMANİYE,ESENYURT,41.043206,28.681014,34649
661,SÜLEYMANİYE,FATİH,41.015104,28.961882,598
662,SÜLÜNTEPE,PENDİK,40.915042,29.28041,25750
663,SÜMBÜL EFENDİ,FATİH,41.00359566666666,28.929507666666666,15202
664,SÜMER,ZEYTİNBURNU,40.9884525,28.8971765,38053
665,SÜTLÜCE,BEYOĞLU,41.051919,28.946708,13750
666,SİLAHTARAĞA,EYÜPSULTAN,41.06099,28.940427,10166
667,SİNANOBA,BÜYÜKÇEKMECE,40.997528,28.540964,15778
668,SİNANPAŞA,BEŞİKTAŞ,41.043136,29.005695,2207
669,SİTE,ÜMRANİYE,41.008469,29.109118000000002,21536
670,TAHTAKALE,AVCILAR,41.057208,28.727089,68599
671,TAHTAKALE,FATİH,41.017141,28.968209,13
672,TALATPAŞA,KAĞITHANE,41.061281,28.964493,33119
673,TANTAVİ,ÜMRANİYE,41.029611,29.086419,11942
674,TARABYA,SARIYER,41.137441,29.052752,17546
675,TATLISU,ÜMRANİYE,41.003509,29.134167,23473
676,TAYAKADIN,ARNAVUTKÖY,41.270247,28.690896,3688
677,TAŞDELEN,ÇEKMEKÖY,41.032146,29.231305,12849
678,TAŞOLUK,ARNAVUTKÖY,41.196516,28.719274,12382
679,TEKE,ŞİLE,41.067645,29.66286,524
680,TELSİZ,ZEYTİNBURNU,41.002063,28.910607,33987
681,TELSİZLER,KAĞITHANE,41.078587,28.997082,11304
682,TEPEÖREN,TUZLA,40.9102,29.388581,8028
683,TEPEÜSTÜ,ÜMRANİYE,41.015555,29.13223,13142
684,TERAZİDERE,BAYRAMPAŞA,41.032891,28.901784,15437
685,TERKOS,ARNAVUTKÖY,41.302505,28.676245,933
686,TEVFİKBEY,KÜÇÜKÇEKMECE,41.007139,28.799687,34864
687,TEŞVİKİYE,ŞİŞLİ,41.051359500000004,28.994902250000003,10541
688,TOKATKÖY,BEYKOZ,41.149729,29.088855000000002,13719
689,TOPAĞACI,ÜMRANİYE,41.050801,29.100011,13141
690,TOPKAPI,FATİH,41.021207,28.928289,10195
691,TOPÇULAR,EYÜPSULTAN,41.04161,28.922442,5324
692,TOZKOPARAN,GÜNGÖREN,41.016104,28.896266,14632
693,TUNA,ESENLER,41.050817,28.860002,30674
694,TURGUT REİS,ESENLER,41.058762,28.864084,41823
695,TURGUT REİS,SULTANBEYLİ,40.966032,29.280478,19889
696,TURGUT ÖZAL,ESENYURT,41.006022,28.69387,28564
697,TÜRKALİ,BEŞİKTAŞ,41.049819,29.002292,9618
698,TÜRKOBA,BÜYÜKÇEKMECE,41.033512,28.522414,15138
699,ULUPELİT,ŞİLE,41.086624,29.515347,242
700,ULUS,BEŞİKTAŞ,41.065453,29.028251,6715
701,ULUS,BÜYÜKÇEKMECE,41.0315425,28.5485275,16280
702,USKUMRUKÖY,SARIYER,41.220151,29.022309,10520
703,UĞUR MUMCU,KARTAL,40.931761,29.212991,39210
704,UĞUR MUMCU,SULTANGAZİ,41.101309,28.867074,41107
705,VALİDE-İ ATİK,ÜSKÜDAR,41.019303,29.025867,19455
706,VATAN,BAYRAMPAŞA,41.033215,28.907629,9674
707,VELİBABA,PENDİK,40.902041,29.257345,42505
708,VELİEFENDİ,ZEYTİNBURNU,40.997273,28.897963,23267
709,VEYSEL KARANİ,SANCAKTEPE,40.964475,29.23798,26847
710,VİŞNEZADE,BEŞİKTAŞ,41.044241,29.000882,8320
711,YAHYA KAHYA,BEYOĞLU,41.032842,28.970388,3382
712,YAHYA KEMAL,KAĞITHANE,41.084666,28.98793,16801
713,YAKA,ŞİLE,40.99207,29.652542,328
714,YAKACIK ÇARŞI,KARTAL,40.918371,29.2260975,18637
715,YAKUPLU,BEYLİKDÜZÜ,40.997221,28.673277,58863
716,YALI,KARTAL,40.890316,29.220693,12051
717,YALI,MALTEPE,40.921059,29.129298,12277
718,YALIKÖY,BEYKOZ,41.137508,29.085876,5102
719,YALIKÖY,ÇATALCA,41.477249,28.295942,1467
720,YAMANEVLER,ÜMRANİYE,41.026056,29.100082,19270
721,YARIMBURGAZ,KÜÇÜKÇEKMECE,41.04973,28.754119,8774
722,YASSIÖREN,ARNAVUTKÖY,41.235644,28.597807,1057
723,YAVUZ SELİM,BAĞCILAR,41.038427,28.851755,26892
724,YAVUZ SELİM,BEYKOZ,41.08124,29.15722,5552
725,YAVUZ SELİM,ESENLER,41.035604,28.892954,3517
726,YAVUZ SELİM,SULTANBEYLİ,40.949686,29.279717,20717
727,YAVUZ SULTAN SELİM,FATİH,41.025368,28.95448,15723
728,YAVUZ SİNAN,FATİH,41.019952,28.96362,211
729,YAVUZTÜRK,ÜSKÜDAR,41.032168,29.081618,30818
730,YAYALAR,PENDİK,40.905208,29.26472,13500
731,YAYLA,SULTANGAZİ,41.148388,28.853386,7945
732,YAYLA,TUZLA,40.831613,29.308332,32127
733,YAYLACIK,ÇATALCA,41.357482,28.220135,53
734,YAYLALI,ŞİLE,41.092934,29.672397,70
735,YAZIMANAYIR,ŞİLE,41.068366,29.683995,201
736,YAZLIK,ÇATALCA,41.293714,28.517533,342
737,YEDİKULE,FATİH,40.998883,28.923847,14847
738,YENİ,PENDİK,40.888337,29.22715,16122
739,YENİ MAHALLE,BEYKOZ,41.070605,29.078812,18933
740,YENİ MAHALLE,GAZİOSMANPAŞA,41.074089,28.901782,35415
741,YENİ MAHALLE,KÜÇÜKÇEKMECE,40.9973515,28.777012999999997,19789
742,YENİ ÇAMLICA,ATAŞEHİR,40.990492,29.165061,12583
743,YENİBOSNA MERKEZ,BAHÇELİEVLER,41.013459,28.818487,36301
744,YENİDOĞAN,GAZİOSMANPAŞA,41.057943,28.925633,7636
745,YENİDOĞAN,SANCAKTEPE,41.011631,29.238722,25082
746,YENİDOĞAN,ZEYTİNBURNU,40.990369,28.906294,9367
747,YENİGÜN,BAĞCILAR,41.021441,28.858911,20552
748,YENİKÖY,ARNAVUTKÖY,41.316809,28.722781,1585
749,YENİKÖY,SARIYER,41.117741,29.065568,14587
750,YENİKÖY,ŞİLE,41.121583,29.654217,479
751,YENİMAHALLE,BAKIRKÖY,40.979604,28.878462,6364
752,YENİMAHALLE,BAĞCILAR,41.041894,28.83779,34524
753,YENİMAHALLE,BÜYÜKÇEKMECE,41.02187,28.474464,2569
754,YENİSAHRA,ATAŞEHİR,40.988466,29.092995,9361
755,YENİŞEHİR,ATAŞEHİR,40.994084,29.14464,10958
756,YENİŞEHİR,BEYOĞLU,41.042464,28.97768,5118
757,YENİŞEHİR,PENDİK,40.924986,29.301708,65458
758,YENİŞEHİR,ÜMRANİYE,41.006325,29.100173,6584
759,YEŞİLBAYIR,ARNAVUTKÖY,41.130141,28.608096,631
760,YEŞİLBAĞLAR,PENDİK,40.894096,29.226003,7093
761,YEŞİLCE,KAĞITHANE,41.096311,28.997497,11965
762,YEŞİLKENT,AVCILAR,41.033585,28.707029,74003
763,YEŞİLKENT,ESENYURT,41.023795,28.659654,37410
764,YEŞİLKÖY,BAKIRKÖY,40.9624405,28.83095,24813
765,YEŞİLOVA,KÜÇÜKÇEKMECE,40.994344,28.785893,32076
766,YEŞİLPINAR,EYÜPSULTAN,41.079802,28.919388,39140
767,YEŞİLVADİ,ŞİLE,41.122577,29.475903,326
768,YILDIRIM,BAYRAMPAŞA,41.063893,28.892111,52454
769,YILDIZ,BEŞİKTAŞ,41.042592,29.008944,4635
770,YILDIZTABYA,GAZİOSMANPAŞA,41.064998,28.932174,23758
771,YILDIZTEPE,BAĞCILAR,41.024198,28.849613,35528
772,YOLÇATI,SİLİVRİ,41.130952,28.128248,382
773,YUKARI,KARTAL,40.892187,29.183796,7333
774,YUKARI DUDULLU,ÜMRANİYE,41.011726,29.153236,21576
775,YUNUS,KARTAL,40.8925535,29.214695499999998,13768
776,YUNUS EMRE,ARNAVUTKÖY,41.18514,28.760863,20759
777,YUNUS EMRE,ESENYURT,41.026345,28.696167,22691
778,YUNUS EMRE,SANCAKTEPE,41.020028,29.24919,29360
779,YUNUS EMRE,SULTANGAZİ,41.09721,28.890481,51770
780,ZAFER,BAHÇELİEVLER,41.002643,28.835196,76701
781,ZAFER,ESENYURT,41.014924,28.690013999999998,24513
782,ZEKERİYAKÖY,SARIYER,41.19675,29.028844,24291
783,ZERZAVATÇI,BEYKOZ,41.127654,29.159297,1078
784,ZEYNEP KAMİL,ÜSKÜDAR,41.014412,29.024478,11525
785,ZEYREK,FATİH,41.018955,28.954589,12360
786,ZUHURATBABA,BAKIRKÖY,40.987395,28.870441,20191
787,ZÜBEYDE HANIM,SULTANGAZİ,41.101301,28.905089,30922
788,ZÜHTÜPAŞA,KADIKÖY,40.985023,29.041792,7570
789,ZÜMRÜTEVLER,MALTEPE,40.9318,29.147617,88023
790,ZİYA GÖKALP,BAŞAKŞEHİR,41.076973,28.786923,31877
791,ÇAKIL,ÇATALCA,41.124048,28.448984,2831
792,ÇAKMAK,ÜMRANİYE,41.015571,29.127887,37696
793,ÇAKMAKLI,BÜYÜKÇEKMECE,41.054857,28.623192,5778
794,ÇAMLIBAHÇE,BEYKOZ,41.148751,29.085511,6036
795,ÇAMLIK,PENDİK,40.923575,29.284595,21548
796,ÇAMLIK,ÇEKMEKÖY,41.014552,29.194794,20454
797,ÇAMLIK,ÜMRANİYE,41.007905,29.125949,24194
798,ÇAMLITEPE,SARIYER,41.130056,29.02903,5645
799,ÇAMÇEŞME,PENDİK,40.873351,29.272553,32389
800,ÇANAKÇA,ÇATALCA,41.245426,28.493864,3046
801,ÇANTA SANCAKTEPE,SİLİVRİ,41.079891,28.083361,6448
802,ÇATAKLI,ŞİLE,41.07505,29.798898,248
803,ÇATALMEŞE,ÇEKMEKÖY,41.048657,29.243098,15233
804,ÇATMA MESCİT,BEYOĞLU,41.032126,28.971447,2046
805,ÇAVUŞ,ŞİLE,41.173241,29.606812,13106
806,ÇAVUŞOĞLU,KARTAL,40.889924,29.196848,14946
807,ÇAYIRBAŞI,SARIYER,41.155926,29.030941,4613
808,ÇAYIRBAŞI,ŞİLE,41.149853,29.645456,1555
809,ÇAYIRDERE,SİLİVRİ,41.280464,28.143975,1418
810,ÇAĞLAYAN,KAĞITHANE,41.076038,28.980063,30787
811,ÇELEBİ,ŞİLE,41.094659,29.904991,265
812,ÇELTİK,SİLİVRİ,41.110487,28.117718,1080
813,ÇELİKTEPE,KAĞITHANE,41.08338,29.002321,31991
814,ÇENGELDERE,BEYKOZ,41.09084,29.14088,5407
815,ÇENGELKÖY,ÜSKÜDAR,41.051073,29.053037,13272
816,ÇENGİLLİ,ŞİLE,41.003995,29.67222,226
817,ÇINAR,BAĞCILAR,41.03599,28.861037,32526
818,ÇINAR,ESENYURT,41.042282,28.665608,31971
819,ÇINAR,MALTEPE,40.943382,29.114783,20616
820,ÇINARDERE,PENDİK,40.894468,29.240538,21816
821,ÇIRPICI,ZEYTİNBURNU,40.999817,28.896264,25399
822,ÇIRÇIR,EYÜPSULTAN,41.079842,28.935578,37389
823,ÇOBANÇEŞME,BAHÇELİEVLER,41.003311,28.83026,30107
824,ÇUBUKLU,BEYKOZ,41.104425,29.082708,20137
825,ÇUKUR,BEYOĞLU,41.037152,28.978043,1746
826,ÇİFTALAN,EYÜPSULTAN,41.254908,28.910622,193
827,ÇİFTE HAVUZLAR,ESENLER,41.0270985,28.897503,2088
828,ÇİFTLİK,BEYKOZ,41.080517,29.140898,5750
829,ÇİFTLİKKÖY,ÇATALCA,41.340317,28.406383,1965
830,ÇİLİNGİR,ARNAVUTKÖY,41.187289,28.677345,1174
831,ÖMER AVNİ,BEYOĞLU,41.03531,28.99257,1884
832,ÖMERLİ,ARNAVUTKÖY,41.11575,28.637798,7619
833,ÖMERLİ,ÇEKMEKÖY,41.077086,29.329894,5899
834,ÖRCÜNLÜ,ÇATALCA,41.223469,28.524087,532
835,ÖRENCİK,ÇATALCA,41.329695,28.483561,1020
836,ÖRNEK,ATAŞEHİR,40.998558,29.078311,27070
837,ÖRNEKKÖY,BEYKOZ,41.139553,29.143197,4345
838,ÖRNEKTEPE,BEYOĞLU,41.054993,28.954784,11201
839,ÖĞÜMCE,BEYKOZ,41.165387,29.267164,474
840,ÜNALAN,ÜSKÜDAR,41.00166,29.069248,34492
841,ÜNİVERSİTE,AVCILAR,40.996174,28.712767,32302
842,ÜVEZLİ,ŞİLE,41.114315,29.445241,571
843,ÜÇEVLER,ESENYURT,41.026862,28.677321,27861
844,İCADİYE,ÜSKÜDAR,41.027083,29.034038,15185
845,İDEALTEPE,MALTEPE,40.941045,29.121805,24420
846,İHSANİYE,EYÜPSULTAN,41.239482,28.809599,171
847,İHSANİYE,ÇATALCA,41.254521,28.358996,1918
848,İMRAHOR,ARNAVUTKÖY,41.215179,28.745541,12184
849,İMRENDERE,ŞİLE,41.141374,29.598493,469
850,İMRENLİ,ŞİLE,41.146281,29.738144,412
851,İNCEĞİZ,ÇATALCA,41.186727,28.403994,1072
852,İNCİRKÖY,BEYKOZ,41.1163445,29.10519,16348
853,İNCİRTEPE,ESENYURT,41.020639,28.690302,28130
854,İNKILAP,ÜMRANİYE,41.036102,29.109965,35479
855,İNÖNÜ,ATAŞEHİR,40.97533,29.14805,30860
856,İNÖNÜ,BAĞCILAR,41.03141,28.854599,22370
857,İNÖNÜ,ESENYURT,41.026086,28.688904,26737
858,İNÖNÜ,KÜÇÜKÇEKMECE,41.023141,28.796824,69800
859,İNÖNÜ,SANCAKTEPE,41.010637,29.211766,24157
860,İSAKÖY,ŞİLE,41.107361,29.824238,286
861,İSHAKLI,BEYKOZ,41.139675,29.302603,1367
862,İSKENDERPAŞA,FATİH,41.015166,28.946698,11551
863,İSLAMBEY,ARNAVUTKÖY,41.190844,28.74652,27838
864,İSLAMBEY,EYÜPSULTAN,41.049696499999996,28.927444,16014
865,İSMET PAŞA,BAYRAMPAŞA,41.042279,28.907801,15048
866,İSMETPAŞA,SULTANGAZİ,41.109601,28.858003,53388
867,İSTASYON,KÜÇÜKÇEKMECE,41.02818,28.776003,43551
868,İSTASYON,TUZLA,40.829442,29.321224,26825
869,İSTİKLAL,BEYOĞLU,41.039409,28.967485,5048
870,İSTİKLAL,ESENYURT,41.03832,28.647997,18702
871,İSTİKLAL,ÜMRANİYE,41.018405,29.100264,47729
872,İSTİNYE,SARIYER,41.118735,29.050684,15405
873,İZZET PAŞA,ŞİŞLİ,41.06745,28.987688,7444
874,İZZETTİN,ÇATALCA,41.177208,28.502454,1406
875,İÇERENKÖY,ATAŞEHİR,40.968982,29.116257,69112
876,İÇMELER,TUZLA,40.848974,29.306016,11908
877,ŞAHİNTEPE,BAŞAKŞEHİR,41.072388,28.726506,31117
878,ŞAMLAR,BAŞAKŞEHİR,41.125069,28.75351,1245
879,ŞEHREMİNİ,FATİH,41.012461,28.926936,19595
880,ŞEHSUVAR BEY,FATİH,41.004442,28.968585,1507
881,ŞEHİTLER,ESENYURT,41.033918,28.65457,16868
882,ŞEMSİPAŞA,GAZİOSMANPAŞA,41.064923,28.903671,24993
883,ŞENLİKKÖY,BAKIRKÖY,40.980539,28.793378,27990
884,ŞERİFALİ,ÜMRANİYE,41.003192,29.145084,9854
885,ŞEYHLİ,PENDİK,40.907374000000004,29.290626500000002,19728
886,ŞUAYİPLİ,ŞİLE,41.133147,29.801168,303
887,ŞİFA,TUZLA,40.827019,29.357321,32299
888,ŞİRİNEVLER,BAHÇELİEVLER,40.9969275,28.8490765,51979
889,ŞİRİNTEPE,KAĞITHANE,41.08794,28.990746,21923
